Year,Reporter Code,Trade Flow Code,Partner Code,Classification,Commodity Code,Quantity Unit Code,Supplementary Quantity,Netweight (kg),Value,Estimation Code
2015,36,1,0,H4,44,1,,,1580388693,0
2015,36,1,4,H4,44,1,,,1277,0
2015,36,1,8,H4,44,1,,,868,0
2015,36,1,32,H4,44,1,,,457292,0
2015,36,1,36,H4,44,1,,,1428742,0
2015,36,1,40,H4,44,1,,,18030020,0
2015,36,1,56,H4,44,1,,,10988161,0
2015,36,1,68,H4,44,1,,,103032,0
2015,36,1,70,H4,44,1,,,116198,0
2015,36,1,76,H4,44,1,,,16267069,0
2015,36,1,90,H4,44,1,,,4261083,0
2015,36,1,100,H4,44,1,,,471116,0
2015,36,1,104,H4,44,1,,,1076008,0
2015,36,1,116,H4,44,1,,,2724800,0
2015,36,1,120,H4,44,1,,,178379,0
2015,36,1,124,H4,44,1,,,44003474,0
2015,36,1,144,H4,44,1,,,376985,0
2015,36,1,152,H4,44,1,,,59089730,0
2015,36,1,156,H4,44,1,,,398092090,0
2015,36,1,166,H4,44,1,,,1363,0
2015,36,1,178,H4,44,1,,,27417,0
2015,36,1,180,H4,44,1,,,23254,0
2015,36,1,188,H4,44,1,,,8966,0
2015,36,1,191,H4,44,1,,,356766,0
2015,36,1,196,H4,44,1,,,34983,0
2015,36,1,203,H4,44,1,,,29367900,0
2015,36,1,208,H4,44,1,,,1619848,0
2015,36,1,218,H4,44,1,,,261596,0
2015,36,1,222,H4,44,1,,,93681,0
2015,36,1,233,H4,44,1,,,23627648,0
2015,36,1,242,H4,44,1,,,693375,0
2015,36,1,246,H4,44,1,,,14127640,0
2015,36,1,251,H4,44,1,,,40017248,0
2015,36,1,258,H4,44,1,,,5362,0
2015,36,1,268,H4,44,1,,,2450,0
2015,36,1,276,H4,44,1,,,34111169,0
2015,36,1,288,H4,44,1,,,13393,0
2015,36,1,300,H4,44,1,,,1440838,0
2015,36,1,320,H4,44,1,,,44629,0
2015,36,1,328,H4,44,1,,,59803,0
2015,36,1,344,H4,44,1,,,1427372,0
2015,36,1,348,H4,44,1,,,925807,0
2015,36,1,360,H4,44,1,,,223055759,0
2015,36,1,364,H4,44,1,,,2626,0
2015,36,1,372,H4,44,1,,,124516,0
2015,36,1,376,H4,44,1,,,768,0
2015,36,1,381,H4,44,1,,,12850160,0
2015,36,1,384,H4,44,1,,,25198,0
2015,36,1,392,H4,44,1,,,758808,0
2015,36,1,404,H4,44,1,,,40127,0
2015,36,1,410,H4,44,1,,,1075182,0
2015,36,1,418,H4,44,1,,,193937,0
2015,36,1,422,H4,44,1,,,3197,0
2015,36,1,428,H4,44,1,,,564298,0
2015,36,1,440,H4,44,1,,,10730087,0
2015,36,1,442,H4,44,1,,,4500,0
2015,36,1,446,H4,44,1,,,847,0
2015,36,1,458,H4,44,1,,,137000911,0
2015,36,1,466,H4,44,1,,,20351,0
2015,36,1,470,H4,44,1,,,2691,0
2015,36,1,484,H4,44,1,,,169745,0
2015,36,1,490,H4,44,1,,,2044509,0
2015,36,1,504,H4,44,1,,,16337,0
2015,36,1,516,H4,44,1,,,127457,0
2015,36,1,524,H4,44,1,,,899,0
2015,36,1,528,H4,44,1,,,4200948,0
2015,36,1,548,H4,44,1,,,4548,0
2015,36,1,554,H4,44,1,,,261271663,0
2015,36,1,566,H4,44,1,,,76931,0
2015,36,1,579,H4,44,1,,,78442,0
2015,36,1,586,H4,44,1,,,90240,0
2015,36,1,598,H4,44,1,,,5381929,0
2015,36,1,604,H4,44,1,,,2367590,0
2015,36,1,608,H4,44,1,,,767919,0
2015,36,1,616,H4,44,1,,,3152777,0
2015,36,1,620,H4,44,1,,,1231594,0
2015,36,1,634,H4,44,1,,,1442,0
2015,36,1,642,H4,44,1,,,5886601,0
2015,36,1,643,H4,44,1,,,18424446,0
2015,36,1,682,H4,44,1,,,53012,0
2015,36,1,688,H4,44,1,,,49694,0
2015,36,1,694,H4,44,1,,,46883,0
2015,36,1,699,H4,44,1,,,6539606,0
2015,36,1,702,H4,44,1,,,2387454,0
2015,36,1,703,H4,44,1,,,15050,0
2015,36,1,704,H4,44,1,,,13200083,0
2015,36,1,705,H4,44,1,,,539944,0
2015,36,1,710,H4,44,1,,,11081972,0
2015,36,1,716,H4,44,1,,,7396,0
2015,36,1,724,H4,44,1,,,3170454,0
2015,36,1,729,H4,44,1,,,14437,0
2015,36,1,752,H4,44,1,,,18720193,0
2015,36,1,757,H4,44,1,,,1254551,0
2015,36,1,764,H4,44,1,,,7581371,0
2015,36,1,784,H4,44,1,,,191174,0
2015,36,1,788,H4,44,1,,,38241,0
2015,36,1,792,H4,44,1,,,633234,0
2015,36,1,804,H4,44,1,,,254782,0
2015,36,1,807,H4,44,1,,,16661,0
2015,36,1,818,H4,44,1,,,54538,0
2015,36,1,826,H4,44,1,,,1789293,0
2015,36,1,834,H4,44,1,,,12893,0
2015,36,1,842,H4,44,1,,,108221686,0
2015,36,1,858,H4,44,1,,,136380,0
2015,36,1,882,H4,44,1,,,806,0
2015,36,1,899,H4,44,1,,,6668093,0
2015,97,1,0,H4,44,1,,,12719255553,0
2015,97,1,4,H4,44,1,,,8081,0
2015,97,1,8,H4,44,1,,,17833874,0
2015,97,1,12,H4,44,1,,,11317,0
2015,97,1,20,H4,44,1,,,913213,0
2015,97,1,24,H4,44,1,,,1385342,0
2015,97,1,28,H4,44,1,,,142884,0
2015,97,1,31,H4,44,1,,,363608,0
2015,97,1,32,H4,44,1,,,15606473,0
2015,97,1,36,H4,44,1,,,7407131,0
2015,97,1,44,H4,44,1,,,314723,0
2015,97,1,48,H4,44,1,,,114911,0
2015,97,1,50,H4,44,1,,,147603,0
2015,97,1,51,H4,44,1,,,305722,0
2015,97,1,52,H4,44,1,,,4307,0
2015,97,1,64,H4,44,1,,,1447,0
2015,97,1,68,H4,44,1,,,12089155,0
2015,97,1,70,H4,44,1,,,291572518,0
2015,97,1,72,H4,44,1,,,55898,0
2015,97,1,76,H4,44,1,,,601479483,0
2015,97,1,84,H4,44,1,,,313578,0
2015,97,1,90,H4,44,1,,,1212568,0
2015,97,1,96,H4,44,1,,,191896,0
2015,97,1,104,H4,44,1,,,23477267,0
2015,97,1,108,H4,44,1,,,2455,0
2015,97,1,112,H4,44,1,,,477241803,0
2015,97,1,116,H4,44,1,,,144392,0
2015,97,1,120,H4,44,1,,,290563521,0
2015,97,1,124,H4,44,1,,,464000019,0
2015,97,1,132,H4,44,1,,,4405,0
2015,97,1,136,H4,44,1,,,54719,0
2015,97,1,140,H4,44,1,,,12644170,0
2015,97,1,144,H4,44,1,,,8084046,0
2015,97,1,148,H4,44,1,,,395,0
2015,97,1,152,H4,44,1,,,116645378,0
2015,97,1,156,H4,44,1,,,2728363904,0
2015,97,1,170,H4,44,1,,,1666022,0
2015,97,1,178,H4,44,1,,,78495885,0
2015,97,1,180,H4,44,1,,,47152074,0
2015,97,1,188,H4,44,1,,,529691,0
2015,97,1,192,H4,44,1,,,27347390,0
2015,97,1,204,H4,44,1,,,1841705,0
2015,97,1,214,H4,44,1,,,518474,0
2015,97,1,218,H4,44,1,,,41722667,0
2015,97,1,222,H4,44,1,,,768941,0
2015,97,1,226,H4,44,1,,,12785130,0
2015,97,1,231,H4,44,1,,,29318,0
2015,97,1,234,H4,44,1,,,920,0
2015,97,1,242,H4,44,1,,,86359,0
2015,97,1,258,H4,44,1,,,18224,0
2015,97,1,260,H4,44,1,,,5984,0
2015,97,1,262,H4,44,1,,,16592,0
2015,97,1,266,H4,44,1,,,178270312,0
2015,97,1,268,H4,44,1,,,2587270,0
2015,97,1,270,H4,44,1,,,3043,0
2015,97,1,275,H4,44,1,,,76373,0
2015,97,1,288,H4,44,1,,,33770265,0
2015,97,1,292,H4,44,1,,,190447,0
2015,97,1,304,H4,44,1,,,1959,0
2015,97,1,308,H4,44,1,,,1882,0
2015,97,1,320,H4,44,1,,,3764517,0
2015,97,1,324,H4,44,1,,,609305,0
2015,97,1,328,H4,44,1,,,5861209,0
2015,97,1,332,H4,44,1,,,32729,0
2015,97,1,340,H4,44,1,,,2959061,0
2015,97,1,344,H4,44,1,,,26070621,0
2015,97,1,352,H4,44,1,,,513004,0
2015,97,1,360,H4,44,1,,,538818588,0
2015,97,1,364,H4,44,1,,,137197,0
2015,97,1,368,H4,44,1,,,11414,0
2015,97,1,376,H4,44,1,,,3125680,0
2015,97,1,384,H4,44,1,,,104468451,0
2015,97,1,388,H4,44,1,,,32486,0
2015,97,1,392,H4,44,1,,,5920424,0
2015,97,1,398,H4,44,1,,,67640,0
2015,97,1,400,H4,44,1,,,209475,0
2015,97,1,404,H4,44,1,,,419584,0
2015,97,1,410,H4,44,1,,,4016886,0
2015,97,1,414,H4,44,1,,,9958,0
2015,97,1,418,H4,44,1,,,446490,0
2015,97,1,422,H4,44,1,,,444649,0
2015,97,1,430,H4,44,1,,,3915842,0
2015,97,1,434,H4,44,1,,,1551,0
2015,97,1,446,H4,44,1,,,54561,0
2015,97,1,450,H4,44,1,,,2644333,0
2015,97,1,454,H4,44,1,,,10636,0
2015,97,1,458,H4,44,1,,,395649687,0
2015,97,1,462,H4,44,1,,,81,0
2015,97,1,466,H4,44,1,,,40613,0
2015,97,1,480,H4,44,1,,,417639,0
2015,97,1,484,H4,44,1,,,5733227,0
2015,97,1,490,H4,44,1,,,18589602,0
2015,97,1,496,H4,44,1,,,3897,0
2015,97,1,498,H4,44,1,,,6305464,0
2015,97,1,499,H4,44,1,,,10007515,0
2015,97,1,504,H4,44,1,,,10394658,0
2015,97,1,508,H4,44,1,,,1786304,0
2015,97,1,512,H4,44,1,,,1376651,0
2015,97,1,516,H4,44,1,,,16857996,0
2015,97,1,520,H4,44,1,,,22251,0
2015,97,1,524,H4,44,1,,,296588,0
2015,97,1,533,H4,44,1,,,46695,0
2015,97,1,534,H4,44,1,,,79772,0
2015,97,1,540,H4,44,1,,,14943,0
2015,97,1,548,H4,44,1,,,43175,0
2015,97,1,554,H4,44,1,,,32467555,0
2015,97,1,558,H4,44,1,,,493336,0
2015,97,1,562,H4,44,1,,,32625,0
2015,97,1,566,H4,44,1,,,36978284,0
2015,97,1,568,H4,44,1,,,2058844,0
2015,97,1,570,H4,44,1,,,6679,0
2015,97,1,577,H4,44,1,,,172327,0
2015,97,1,579,H4,44,1,,,570960025,0
2015,97,1,581,H4,44,1,,,60,0
2015,97,1,584,H4,44,1,,,7987,0
2015,97,1,586,H4,44,1,,,712231,0
2015,97,1,591,H4,44,1,,,510472,0
2015,97,1,598,H4,44,1,,,1176798,0
2015,97,1,600,H4,44,1,,,32187437,0
2015,97,1,604,H4,44,1,,,16278369,0
2015,97,1,608,H4,44,1,,,14244460,0
2015,97,1,612,H4,44,1,,,20267,0
2015,97,1,626,H4,44,1,,,35,0
2015,97,1,634,H4,44,1,,,51121,0
2015,97,1,643,H4,44,1,,,1796703154,0
2015,97,1,646,H4,44,1,,,6502,0
2015,97,1,652,H4,44,1,,,86206,0
2015,97,1,654,H4,44,1,,,1181,0
2015,97,1,674,H4,44,1,,,29645,0
2015,97,1,682,H4,44,1,,,369128,0
2015,97,1,686,H4,44,1,,,142616,0
2015,97,1,688,H4,44,1,,,136337376,0
2015,97,1,694,H4,44,1,,,28916,0
2015,97,1,699,H4,44,1,,,72992132,0
2015,97,1,702,H4,44,1,,,8673979,0
2015,97,1,704,H4,44,1,,,86367317,0
2015,97,1,706,H4,44,1,,,1175,0
2015,97,1,710,H4,44,1,,,37053053,0
2015,97,1,716,H4,44,1,,,71024,0
2015,97,1,729,H4,44,1,,,28854,0
2015,97,1,740,H4,44,1,,,11797727,0
2015,97,1,748,H4,44,1,,,3465,0
2015,97,1,757,H4,44,1,,,426603386,0
2015,97,1,760,H4,44,1,,,11792,0
2015,97,1,762,H4,44,1,,,1748,0
2015,97,1,764,H4,44,1,,,46647620,0
2015,97,1,768,H4,44,1,,,82611,0
2015,97,1,776,H4,44,1,,,1281,0
2015,97,1,780,H4,44,1,,,110128,0
2015,97,1,784,H4,44,1,,,4676330,0
2015,97,1,788,H4,44,1,,,13890341,0
2015,97,1,792,H4,44,1,,,80925895,0
2015,97,1,795,H4,44,1,,,1,0
2015,97,1,800,H4,44,1,,,21870,0
2015,97,1,804,H4,44,1,,,852562288,0
2015,97,1,807,H4,44,1,,,4358159,0
2015,97,1,818,H4,44,1,,,10449184,0
2015,97,1,834,H4,44,1,,,1765807,0
2015,97,1,839,H4,44,1,,,2851238,0
2015,97,1,842,H4,44,1,,,1647956049,0
2015,97,1,854,H4,44,1,,,130254,0
2015,97,1,858,H4,44,1,,,91830932,0
2015,97,1,860,H4,44,1,,,42616,0
2015,97,1,862,H4,44,1,,,53096,0
2015,97,1,882,H4,44,1,,,301617,0
2015,97,1,894,H4,44,1,,,3458,0
2015,97,1,899,H4,44,1,,,2103308,0
2015,124,1,0,H4,44,1,,,3009701293,0
2015,124,1,4,H4,44,1,,,51115,0
2015,124,1,8,H4,44,1,,,25813,0
2015,124,1,20,H4,44,1,,,798,0
2015,124,1,32,H4,44,1,,,18398188,0
2015,124,1,36,H4,44,1,,,256659,0
2015,124,1,40,H4,44,1,,,45675911,0
2015,124,1,50,H4,44,1,,,43794,0
2015,124,1,52,H4,44,1,,,1741,0
2015,124,1,56,H4,44,1,,,8207732,0
2015,124,1,60,H4,44,1,,,28,0
2015,124,1,64,H4,44,1,,,738,0
2015,124,1,68,H4,44,1,,,505480,0
2015,124,1,70,H4,44,1,,,335104,0
2015,124,1,76,H4,44,1,,,43972389,0
2015,124,1,84,H4,44,1,,,37405,0
2015,124,1,96,H4,44,1,,,5,0
2015,124,1,100,H4,44,1,,,89853,0
2015,124,1,104,H4,44,1,,,188943,0
2015,124,1,112,H4,44,1,,,2340711,0
2015,124,1,116,H4,44,1,,,96967,0
2015,124,1,120,H4,44,1,,,4104533,0
2015,124,1,124,H4,44,1,,,49264545,0
2015,124,1,132,H4,44,1,,,131,0
2015,124,1,140,H4,44,1,,,175679,0
2015,124,1,144,H4,44,1,,,491011,0
2015,124,1,152,H4,44,1,,,49749316,0
2015,124,1,156,H4,44,1,,,534042261,0
2015,124,1,170,H4,44,1,,,248698,0
2015,124,1,178,H4,44,1,,,2695647,0
2015,124,1,180,H4,44,1,,,211628,0
2015,124,1,188,H4,44,1,,,615399,0
2015,124,1,191,H4,44,1,,,131312,0
2015,124,1,192,H4,44,1,,,68834,0
2015,124,1,196,H4,44,1,,,18408,0
2015,124,1,203,H4,44,1,,,647950,0
2015,124,1,204,H4,44,1,,,200,0
2015,124,1,208,H4,44,1,,,1364281,0
2015,124,1,214,H4,44,1,,,16376,0
2015,124,1,218,H4,44,1,,,4668720,0
2015,124,1,222,H4,44,1,,,69499,0
2015,124,1,232,H4,44,1,,,679,0
2015,124,1,233,H4,44,1,,,1564880,0
2015,124,1,242,H4,44,1,,,444831,0
2015,124,1,246,H4,44,1,,,2994780,0
2015,124,1,251,H4,44,1,,,7717076,0
2015,124,1,266,H4,44,1,,,732439,0
2015,124,1,268,H4,44,1,,,16,0
2015,124,1,276,H4,44,1,,,71698860,0
2015,124,1,288,H4,44,1,,,3440288,0
2015,124,1,300,H4,44,1,,,65227,0
2015,124,1,320,H4,44,1,,,1727671,0
2015,124,1,324,H4,44,1,,,51540,0
2015,124,1,328,H4,44,1,,,51804,0
2015,124,1,332,H4,44,1,,,1109,0
2015,124,1,340,H4,44,1,,,499721,0
2015,124,1,344,H4,44,1,,,1473826,0
2015,124,1,348,H4,44,1,,,239645,0
2015,124,1,352,H4,44,1,,,93,0
2015,124,1,360,H4,44,1,,,22575388,0
2015,124,1,364,H4,44,1,,,70,0
2015,124,1,368,H4,44,1,,,56,0
2015,124,1,372,H4,44,1,,,71478,0
2015,124,1,376,H4,44,1,,,230320,0
2015,124,1,381,H4,44,1,,,20022441,0
2015,124,1,384,H4,44,1,,,1533112,0
2015,124,1,388,H4,44,1,,,41,0
2015,124,1,392,H4,44,1,,,1257139,0
2015,124,1,400,H4,44,1,,,4045,0
2015,124,1,404,H4,44,1,,,38084,0
2015,124,1,410,H4,44,1,,,550783,0
2015,124,1,418,H4,44,1,,,21946,0
2015,124,1,422,H4,44,1,,,15735,0
2015,124,1,428,H4,44,1,,,791444,0
2015,124,1,440,H4,44,1,,,1906715,0
2015,124,1,442,H4,44,1,,,1723,0
2015,124,1,446,H4,44,1,,,51,0
2015,124,1,450,H4,44,1,,,3369,0
2015,124,1,458,H4,44,1,,,10982223,0
2015,124,1,470,H4,44,1,,,15567,0
2015,124,1,478,H4,44,1,,,155,0
2015,124,1,480,H4,44,1,,,6392,0
2015,124,1,484,H4,44,1,,,21852480,0
2015,124,1,490,H4,44,1,,,4236588,0
2015,124,1,499,H4,44,1,,,2253,0
2015,124,1,500,H4,44,1,,,2587,0
2015,124,1,504,H4,44,1,,,16805,0
2015,124,1,508,H4,44,1,,,3285,0
2015,124,1,516,H4,44,1,,,578,0
2015,124,1,524,H4,44,1,,,13995,0
2015,124,1,528,H4,44,1,,,5630789,0
2015,124,1,540,H4,44,1,,,56857,0
2015,124,1,554,H4,44,1,,,1878948,0
2015,124,1,558,H4,44,1,,,198756,0
2015,124,1,562,H4,44,1,,,1634,0
2015,124,1,566,H4,44,1,,,544,0
2015,124,1,579,H4,44,1,,,5323231,0
2015,124,1,581,H4,44,1,,,5,0
2015,124,1,586,H4,44,1,,,39663,0
2015,124,1,591,H4,44,1,,,325636,0
2015,124,1,598,H4,44,1,,,725,0
2015,124,1,600,H4,44,1,,,1143419,0
2015,124,1,604,H4,44,1,,,460242,0
2015,124,1,608,H4,44,1,,,1519003,0
2015,124,1,616,H4,44,1,,,5389068,0
2015,124,1,620,H4,44,1,,,1469500,0
2015,124,1,626,H4,44,1,,,90,0
2015,124,1,634,H4,44,1,,,10,0
2015,124,1,642,H4,44,1,,,2357104,0
2015,124,1,643,H4,44,1,,,26364955,0
2015,124,1,646,H4,44,1,,,123,0
2015,124,1,682,H4,44,1,,,2244,0
2015,124,1,686,H4,44,1,,,4153,0
2015,124,1,688,H4,44,1,,,38767,0
2015,124,1,694,H4,44,1,,,4516,0
2015,124,1,699,H4,44,1,,,6170912,0
2015,124,1,702,H4,44,1,,,437997,0
2015,124,1,703,H4,44,1,,,43219,0
2015,124,1,704,H4,44,1,,,9389455,0
2015,124,1,705,H4,44,1,,,273287,0
2015,124,1,710,H4,44,1,,,327027,0
2015,124,1,716,H4,44,1,,,4982,0
2015,124,1,724,H4,44,1,,,12200683,0
2015,124,1,740,H4,44,1,,,8578,0
2015,124,1,752,H4,44,1,,,2218554,0
2015,124,1,757,H4,44,1,,,6827283,0
2015,124,1,764,H4,44,1,,,5530278,0
2015,124,1,776,H4,44,1,,,116,0
2015,124,1,784,H4,44,1,,,11682,0
2015,124,1,788,H4,44,1,,,199262,0
2015,124,1,792,H4,44,1,,,2094244,0
2015,124,1,800,H4,44,1,,,65942,0
2015,124,1,804,H4,44,1,,,2601070,0
2015,124,1,818,H4,44,1,,,229720,0
2015,124,1,826,H4,44,1,,,1117101,0
2015,124,1,834,H4,44,1,,,16519,0
2015,124,1,842,H4,44,1,,,1959717063,0
2015,124,1,858,H4,44,1,,,331192,0
2015,124,1,862,H4,44,1,,,12,0
2015,392,1,0,H4,44,1,,,10051179739,0
2015,392,1,8,H4,44,1,,,70112,0
2015,392,1,24,H4,44,1,,,42626,0
2015,392,1,32,H4,44,1,,,102151,0
2015,392,1,36,H4,44,1,,,501303942,0
2015,392,1,40,H4,44,1,,,199341597,0
2015,392,1,50,H4,44,1,,,9991,0
2015,392,1,56,H4,44,1,,,7937192,0
2015,392,1,68,H4,44,1,,,685499,0
2015,392,1,70,H4,44,1,,,417927,0
2015,392,1,76,H4,44,1,,,128146526,0
2015,392,1,90,H4,44,1,,,4546431,0
2015,392,1,100,H4,44,1,,,683111,0
2015,392,1,104,H4,44,1,,,6323018,0
2015,392,1,116,H4,44,1,,,454908,0
2015,392,1,120,H4,44,1,,,3766012,0
2015,392,1,124,H4,44,1,,,1008647934,0
2015,392,1,140,H4,44,1,,,1498900,0
2015,392,1,144,H4,44,1,,,641336,0
2015,392,1,152,H4,44,1,,,447663781,0
2015,392,1,156,H4,44,1,,,1497539538,0
2015,392,1,178,H4,44,1,,,1237989,0
2015,392,1,180,H4,44,1,,,476577,0
2015,392,1,191,H4,44,1,,,2860063,0
2015,392,1,203,H4,44,1,,,33377081,0
2015,392,1,208,H4,44,1,,,1911000,0
2015,392,1,218,H4,44,1,,,5597364,0
2015,392,1,226,H4,44,1,,,93053,0
2015,392,1,233,H4,44,1,,,36110019,0
2015,392,1,242,H4,44,1,,,16691569,0
2015,392,1,246,H4,44,1,,,334009311,0
2015,392,1,251,H4,44,1,,,8159865,0
2015,392,1,266,H4,44,1,,,158917,0
2015,392,1,270,H4,44,1,,,57650,0
2015,392,1,276,H4,44,1,,,58420075,0
2015,392,1,288,H4,44,1,,,207625,0
2015,392,1,300,H4,44,1,,,16173,0
2015,392,1,320,H4,44,1,,,282092,0
2015,392,1,340,H4,44,1,,,54344,0
2015,392,1,344,H4,44,1,,,433472,0
2015,392,1,348,H4,44,1,,,260399,0
2015,392,1,360,H4,44,1,,,900154944,0
2015,392,1,372,H4,44,1,,,42700,0
2015,392,1,376,H4,44,1,,,232086,0
2015,392,1,381,H4,44,1,,,20112758,0
2015,392,1,384,H4,44,1,,,3694,0
2015,392,1,404,H4,44,1,,,15900,0
2015,392,1,410,H4,44,1,,,17257273,0
2015,392,1,414,H4,44,1,,,5810,0
2015,392,1,418,H4,44,1,,,14811220,0
2015,392,1,428,H4,44,1,,,29723583,0
2015,392,1,440,H4,44,1,,,1431771,0
2015,392,1,450,H4,44,1,,,21660,0
2015,392,1,458,H4,44,1,,,1008000615,0
2015,392,1,480,H4,44,1,,,95284,0
2015,392,1,484,H4,44,1,,,1075204,0
2015,392,1,490,H4,44,1,,,30076911,0
2015,392,1,504,H4,44,1,,,14355,0
2015,392,1,508,H4,44,1,,,9086706,0
2015,392,1,524,H4,44,1,,,17685,0
2015,392,1,528,H4,44,1,,,8015543,0
2015,392,1,548,H4,44,1,,,11223,0
2015,392,1,554,H4,44,1,,,289161988,0
2015,392,1,558,H4,44,1,,,14817,0
2015,392,1,566,H4,44,1,,,46361,0
2015,392,1,579,H4,44,1,,,1135027,0
2015,392,1,585,H4,44,1,,,1810,0
2015,392,1,586,H4,44,1,,,20536,0
2015,392,1,598,H4,44,1,,,9320619,0
2015,392,1,600,H4,44,1,,,40113,0
2015,392,1,604,H4,44,1,,,233326,0
2015,392,1,608,H4,44,1,,,684031766,0
2015,392,1,616,H4,44,1,,,6300936,0
2015,392,1,620,H4,44,1,,,472354,0
2015,392,1,642,H4,44,1,,,164471021,0
2015,392,1,643,H4,44,1,,,369000170,0
2015,392,1,688,H4,44,1,,,287992,0
2015,392,1,699,H4,44,1,,,2991461,0
2015,392,1,702,H4,44,1,,,364046,0
2015,392,1,703,H4,44,1,,,170486,0
2015,392,1,704,H4,44,1,,,695506091,0
2015,392,1,705,H4,44,1,,,3113512,0
2015,392,1,710,H4,44,1,,,232113943,0
2015,392,1,724,H4,44,1,,,6284681,0
2015,392,1,740,H4,44,1,,,218632,0
2015,392,1,748,H4,44,1,,,145744,0
2015,392,1,752,H4,44,1,,,216189843,0
2015,392,1,757,H4,44,1,,,2091767,0
2015,392,1,764,H4,44,1,,,181596805,0
2015,392,1,768,H4,44,1,,,2438,0
2015,392,1,784,H4,44,1,,,2669,0
2015,392,1,788,H4,44,1,,,156785,0
2015,392,1,792,H4,44,1,,,687267,0
2015,392,1,804,H4,44,1,,,100441,0
2015,392,1,807,H4,44,1,,,140116,0
2015,392,1,826,H4,44,1,,,1667923,0
2015,392,1,834,H4,44,1,,,356071,0
2015,392,1,842,H4,44,1,,,832219319,0
2015,392,1,854,H4,44,1,,,1661,0
2015,392,1,858,H4,44,1,,,35915,0
2015,392,1,862,H4,44,1,,,39196,0
2015,410,1,0,H4,44,1,,,3112500126,0
2015,410,1,20,H4,44,1,,,2602,0
2015,410,1,24,H4,44,1,,,8052,0
2015,410,1,32,H4,44,1,,,55411,0
2015,410,1,36,H4,44,1,,,31989477,0
2015,410,1,40,H4,44,1,,,18283481,0
2015,410,1,48,H4,44,1,,,10697,0
2015,410,1,50,H4,44,1,,,280,0
2015,410,1,56,H4,44,1,,,585635,0
2015,410,1,68,H4,44,1,,,92789,0
2015,410,1,70,H4,44,1,,,356349,0
2015,410,1,76,H4,44,1,,,18364234,0
2015,410,1,90,H4,44,1,,,10385606,0
2015,410,1,96,H4,44,1,,,1130756,0
2015,410,1,100,H4,44,1,,,144242,0
2015,410,1,104,H4,44,1,,,733499,0
2015,410,1,112,H4,44,1,,,389040,0
2015,410,1,116,H4,44,1,,,164602,0
2015,410,1,120,H4,44,1,,,997030,0
2015,410,1,124,H4,44,1,,,234432920,0
2015,410,1,132,H4,44,1,,,24,0
2015,410,1,140,H4,44,1,,,217787,0
2015,410,1,144,H4,44,1,,,378611,0
2015,410,1,152,H4,44,1,,,131162769,0
2015,410,1,156,H4,44,1,,,656878088,0
2015,410,1,170,H4,44,1,,,84806,0
2015,410,1,178,H4,44,1,,,1027504,0
2015,410,1,180,H4,44,1,,,8701,0
2015,410,1,188,H4,44,1,,,20,0
2015,410,1,191,H4,44,1,,,81421,0
2015,410,1,203,H4,44,1,,,7989536,0
2015,410,1,208,H4,44,1,,,2828052,0
2015,410,1,214,H4,44,1,,,39,0
2015,410,1,218,H4,44,1,,,81418,0
2015,410,1,226,H4,44,1,,,18584,0
2015,410,1,233,H4,44,1,,,15888780,0
2015,410,1,242,H4,44,1,,,2698,0
2015,410,1,246,H4,44,1,,,62445883,0
2015,410,1,251,H4,44,1,,,1238153,0
2015,410,1,266,H4,44,1,,,773725,0
2015,410,1,276,H4,44,1,,,49404098,0
2015,410,1,288,H4,44,1,,,171476,0
2015,410,1,300,H4,44,1,,,30374,0
2015,410,1,320,H4,44,1,,,8904,0
2015,410,1,324,H4,44,1,,,362546,0
2015,410,1,328,H4,44,1,,,1145792,0
2015,410,1,340,H4,44,1,,,774,0
2015,410,1,344,H4,44,1,,,305891,0
2015,410,1,348,H4,44,1,,,159181,0
2015,410,1,360,H4,44,1,,,275875551,0
2015,410,1,364,H4,44,1,,,14,0
2015,410,1,372,H4,44,1,,,15112,0
2015,410,1,376,H4,44,1,,,93247,0
2015,410,1,381,H4,44,1,,,10393631,0
2015,410,1,384,H4,44,1,,,8898,0
2015,410,1,388,H4,44,1,,,1152,0
2015,410,1,392,H4,44,1,,,36083439,0
2015,410,1,404,H4,44,1,,,48213,0
2015,410,1,418,H4,44,1,,,9781399,0
2015,410,1,428,H4,44,1,,,42616204,0
2015,410,1,440,H4,44,1,,,8320491,0
2015,410,1,446,H4,44,1,,,11,0
2015,410,1,450,H4,44,1,,,28,0
2015,410,1,458,H4,44,1,,,270075678,0
2015,410,1,480,H4,44,1,,,34700,0
2015,410,1,484,H4,44,1,,,296175,0
2015,410,1,490,H4,44,1,,,4413507,0
2015,410,1,504,H4,44,1,,,49068,0
2015,410,1,516,H4,44,1,,,26145,0
2015,410,1,524,H4,44,1,,,6765,0
2015,410,1,528,H4,44,1,,,1091835,0
2015,410,1,548,H4,44,1,,,425,0
2015,410,1,554,H4,44,1,,,317392034,0
2015,410,1,558,H4,44,1,,,1137,0
2015,410,1,566,H4,44,1,,,625,0
2015,410,1,579,H4,44,1,,,660084,0
2015,410,1,584,H4,44,1,,,6879,0
2015,410,1,586,H4,44,1,,,17066,0
2015,410,1,591,H4,44,1,,,19000,0
2015,410,1,598,H4,44,1,,,18053234,0
2015,410,1,600,H4,44,1,,,255900,0
2015,410,1,604,H4,44,1,,,1438643,0
2015,410,1,608,H4,44,1,,,5319975,0
2015,410,1,616,H4,44,1,,,1999462,0
2015,410,1,620,H4,44,1,,,467326,0
2015,410,1,642,H4,44,1,,,44671637,0
2015,410,1,643,H4,44,1,,,133676361,0
2015,410,1,660,H4,44,1,,,124474,0
2015,410,1,682,H4,44,1,,,296,0
2015,410,1,686,H4,44,1,,,1069,0
2015,410,1,688,H4,44,1,,,60823,0
2015,410,1,694,H4,44,1,,,14263,0
2015,410,1,699,H4,44,1,,,1181787,0
2015,410,1,702,H4,44,1,,,229616,0
2015,410,1,703,H4,44,1,,,951145,0
2015,410,1,704,H4,44,1,,,345243966,0
2015,410,1,705,H4,44,1,,,586313,0
2015,410,1,710,H4,44,1,,,818794,0
2015,410,1,716,H4,44,1,,,911,0
2015,410,1,724,H4,44,1,,,681408,0
2015,410,1,740,H4,44,1,,,3413218,0
2015,410,1,752,H4,44,1,,,28170348,0
2015,410,1,757,H4,44,1,,,706035,0
2015,410,1,764,H4,44,1,,,152812833,0
2015,410,1,784,H4,44,1,,,2987,0
2015,410,1,788,H4,44,1,,,31600,0
2015,410,1,792,H4,44,1,,,150671,0
2015,410,1,804,H4,44,1,,,7254048,0
2015,410,1,807,H4,44,1,,,7827,0
2015,410,1,826,H4,44,1,,,423345,0
2015,410,1,834,H4,44,1,,,12652,0
2015,410,1,842,H4,44,1,,,128130860,0
2015,410,1,858,H4,44,1,,,7358332,0
2015,410,1,862,H4,44,1,,,97117,0
2015,554,1,0,H4,44,1,,,203972417,0
2015,554,1,36,H4,44,1,,,18969796,0
2015,554,1,40,H4,44,1,,,383382,0
2015,554,1,48,H4,44,1,,,625620,0
2015,554,1,50,H4,44,1,,,707,0
2015,554,1,56,H4,44,1,,,1895910,0
2015,554,1,68,H4,44,1,,,214405,0
2015,554,1,70,H4,44,1,,,549,0
2015,554,1,76,H4,44,1,,,582991,0
2015,554,1,84,H4,44,1,,,42224,0
2015,554,1,90,H4,44,1,,,3455603,0
2015,554,1,100,H4,44,1,,,15301,0
2015,554,1,104,H4,44,1,,,1099442,0
2015,554,1,116,H4,44,1,,,119,0
2015,554,1,120,H4,44,1,,,1137540,0
2015,554,1,124,H4,44,1,,,34175282,0
2015,554,1,144,H4,44,1,,,106898,0
2015,554,1,152,H4,44,1,,,17577274,0
2015,554,1,156,H4,44,1,,,39254454,0
2015,554,1,170,H4,44,1,,,340,0
2015,554,1,178,H4,44,1,,,52550,0
2015,554,1,180,H4,44,1,,,35412,0
2015,554,1,191,H4,44,1,,,25560,0
2015,554,1,203,H4,44,1,,,168305,0
2015,554,1,208,H4,44,1,,,809111,0
2015,554,1,212,H4,44,1,,,1,0
2015,554,1,218,H4,44,1,,,30024,0
2015,554,1,222,H4,44,1,,,2338,0
2015,554,1,231,H4,44,1,,,1094,0
2015,554,1,233,H4,44,1,,,170241,0
2015,554,1,242,H4,44,1,,,1599780,0
2015,554,1,246,H4,44,1,,,507664,0
2015,554,1,251,H4,44,1,,,13503937,0
2015,554,1,258,H4,44,1,,,59185,0
2015,554,1,266,H4,44,1,,,843421,0
2015,554,1,276,H4,44,1,,,3701803,0
2015,554,1,288,H4,44,1,,,34920,0
2015,554,1,300,H4,44,1,,,447,0
2015,554,1,328,H4,44,1,,,1467932,0
2015,554,1,340,H4,44,1,,,37850,0
2015,554,1,344,H4,44,1,,,235382,0
2015,554,1,348,H4,44,1,,,723392,0
2015,554,1,360,H4,44,1,,,24928003,0
2015,554,1,364,H4,44,1,,,870,0
2015,554,1,372,H4,44,1,,,151269,0
2015,554,1,376,H4,44,1,,,1884,0
2015,554,1,381,H4,44,1,,,1933693,0
2015,554,1,384,H4,44,1,,,223,0
2015,554,1,392,H4,44,1,,,88600,0
2015,554,1,404,H4,44,1,,,148,0
2015,554,1,410,H4,44,1,,,94306,0
2015,554,1,418,H4,44,1,,,17,0
2015,554,1,422,H4,44,1,,,6636,0
2015,554,1,428,H4,44,1,,,1009729,0
2015,554,1,440,H4,44,1,,,40661,0
2015,554,1,450,H4,44,1,,,35,0
2015,554,1,458,H4,44,1,,,4946028,0
2015,554,1,484,H4,44,1,,,70852,0
2015,554,1,490,H4,44,1,,,139251,0
2015,554,1,524,H4,44,1,,,445,0
2015,554,1,528,H4,44,1,,,883130,0
2015,554,1,540,H4,44,1,,,6796,0
2015,554,1,554,H4,44,1,,,700727,0
2015,554,1,562,H4,44,1,,,11611,0
2015,554,1,579,H4,44,1,,,6612,0
2015,554,1,586,H4,44,1,,,81,0
2015,554,1,598,H4,44,1,,,268616,0
2015,554,1,604,H4,44,1,,,999964,0
2015,554,1,608,H4,44,1,,,309250,0
2015,554,1,612,H4,44,1,,,1314,0
2015,554,1,616,H4,44,1,,,743903,0
2015,554,1,620,H4,44,1,,,714972,0
2015,554,1,642,H4,44,1,,,237980,0
2015,554,1,643,H4,44,1,,,1185418,0
2015,554,1,686,H4,44,1,,,3,0
2015,554,1,699,H4,44,1,,,594718,0
2015,554,1,702,H4,44,1,,,69571,0
2015,554,1,703,H4,44,1,,,5997,0
2015,554,1,704,H4,44,1,,,1074032,0
2015,554,1,705,H4,44,1,,,118130,0
2015,554,1,710,H4,44,1,,,878223,0
2015,554,1,716,H4,44,1,,,324,0
2015,554,1,724,H4,44,1,,,667537,0
2015,554,1,729,H4,44,1,,,66200,0
2015,554,1,740,H4,44,1,,,183797,0
2015,554,1,752,H4,44,1,,,548001,0
2015,554,1,757,H4,44,1,,,233210,0
2015,554,1,764,H4,44,1,,,562594,0
2015,554,1,776,H4,44,1,,,36392,0
2015,554,1,784,H4,44,1,,,8627,0
2015,554,1,788,H4,44,1,,,276,0
2015,554,1,792,H4,44,1,,,60317,0
2015,554,1,804,H4,44,1,,,64623,0
2015,554,1,818,H4,44,1,,,3987,0
2015,554,1,826,H4,44,1,,,610058,0
2015,554,1,834,H4,44,1,,,1271,0
2015,554,1,842,H4,44,1,,,15138233,0
2015,554,1,858,H4,44,1,,,13072,0
2015,554,1,882,H4,44,1,,,1814,0
2015,554,1,894,H4,44,1,,,203,0
2015,579,1,0,H4,44,1,,,1380948045,0
2015,579,1,8,H4,44,1,,,12760,0
2015,579,1,31,H4,44,1,,,762,0
2015,579,1,32,H4,44,1,,,293864,0
2015,579,1,36,H4,44,1,,,19901,0
2015,579,1,40,H4,44,1,,,8042513,0
2015,579,1,44,H4,44,1,,,246,0
2015,579,1,50,H4,44,1,,,17514,0
2015,579,1,56,H4,44,1,,,12909762,0
2015,579,1,70,H4,44,1,,,339191,0
2015,579,1,76,H4,44,1,,,2390549,0
2015,579,1,100,H4,44,1,,,189597,0
2015,579,1,104,H4,44,1,,,318449,0
2015,579,1,112,H4,44,1,,,249873,0
2015,579,1,116,H4,44,1,,,7669,0
2015,579,1,120,H4,44,1,,,69400,0
2015,579,1,124,H4,44,1,,,1499270,0
2015,579,1,144,H4,44,1,,,129090,0
2015,579,1,152,H4,44,1,,,6155145,0
2015,579,1,156,H4,44,1,,,40306289,0
2015,579,1,178,H4,44,1,,,202,0
2015,579,1,191,H4,44,1,,,1059737,0
2015,579,1,192,H4,44,1,,,1216,0
2015,579,1,203,H4,44,1,,,8526762,0
2015,579,1,208,H4,44,1,,,97824234,0
2015,579,1,218,H4,44,1,,,24234,0
2015,579,1,233,H4,44,1,,,92062559,0
2015,579,1,234,H4,44,1,,,32561,0
2015,579,1,246,H4,44,1,,,68615855,0
2015,579,1,251,H4,44,1,,,10012671,0
2015,579,1,266,H4,44,1,,,4564,0
2015,579,1,268,H4,44,1,,,6992,0
2015,579,1,275,H4,44,1,,,4871,0
2015,579,1,276,H4,44,1,,,68258992,0
2015,579,1,288,H4,44,1,,,1594,0
2015,579,1,300,H4,44,1,,,163390,0
2015,579,1,304,H4,44,1,,,2109,0
2015,579,1,320,H4,44,1,,,777,0
2015,579,1,328,H4,44,1,,,2024,0
2015,579,1,340,H4,44,1,,,337,0
2015,579,1,344,H4,44,1,,,1617674,0
2015,579,1,348,H4,44,1,,,932760,0
2015,579,1,352,H4,44,1,,,14183,0
2015,579,1,360,H4,44,1,,,21348225,0
2015,579,1,364,H4,44,1,,,4948,0
2015,579,1,372,H4,44,1,,,3839788,0
2015,579,1,376,H4,44,1,,,33224,0
2015,579,1,381,H4,44,1,,,6103544,0
2015,579,1,392,H4,44,1,,,218201,0
2015,579,1,400,H4,44,1,,,2961,0
2015,579,1,410,H4,44,1,,,18470,0
2015,579,1,422,H4,44,1,,,29265,0
2015,579,1,428,H4,44,1,,,49153234,0
2015,579,1,430,H4,44,1,,,28318,0
2015,579,1,440,H4,44,1,,,67174918,0
2015,579,1,442,H4,44,1,,,117097,0
2015,579,1,458,H4,44,1,,,2539940,0
2015,579,1,480,H4,44,1,,,570,0
2015,579,1,484,H4,44,1,,,56285,0
2015,579,1,490,H4,44,1,,,642573,0
2015,579,1,504,H4,44,1,,,7241,0
2015,579,1,512,H4,44,1,,,541,0
2015,579,1,516,H4,44,1,,,40136,0
2015,579,1,524,H4,44,1,,,2576,0
2015,579,1,528,H4,44,1,,,15147520,0
2015,579,1,554,H4,44,1,,,2219138,0
2015,579,1,586,H4,44,1,,,4404,0
2015,579,1,591,H4,44,1,,,20613,0
2015,579,1,600,H4,44,1,,,10053,0
2015,579,1,604,H4,44,1,,,113628,0
2015,579,1,608,H4,44,1,,,57367,0
2015,579,1,616,H4,44,1,,,109713798,0
2015,579,1,620,H4,44,1,,,873246,0
2015,579,1,634,H4,44,1,,,131,0
2015,579,1,642,H4,44,1,,,2931181,0
2015,579,1,643,H4,44,1,,,16336782,0
2015,579,1,688,H4,44,1,,,484673,0
2015,579,1,699,H4,44,1,,,3594645,0
2015,579,1,702,H4,44,1,,,488339,0
2015,579,1,703,H4,44,1,,,4152253,0
2015,579,1,704,H4,44,1,,,3038048,0
2015,579,1,705,H4,44,1,,,2641352,0
2015,579,1,710,H4,44,1,,,402917,0
2015,579,1,724,H4,44,1,,,7287664,0
2015,579,1,740,H4,44,1,,,262,0
2015,579,1,752,H4,44,1,,,607155707,0
2015,579,1,757,H4,44,1,,,1756309,0
2015,579,1,764,H4,44,1,,,802003,0
2015,579,1,780,H4,44,1,,,132,0
2015,579,1,784,H4,44,1,,,26562,0
2015,579,1,788,H4,44,1,,,19474,0
2015,579,1,792,H4,44,1,,,207947,0
2015,579,1,804,H4,44,1,,,1910976,0
2015,579,1,807,H4,44,1,,,125,0
2015,579,1,818,H4,44,1,,,10250,0
2015,579,1,826,H4,44,1,,,15505791,0
2015,579,1,834,H4,44,1,,,2351,0
2015,579,1,842,H4,44,1,,,10488695,0
2015,579,1,858,H4,44,1,,,59507,0
2015,757,1,0,H4,44,1,,,1833673345,0
2015,757,1,8,H4,44,1,,,19819,0
2015,757,1,20,H4,44,1,,,10506,0
2015,757,1,31,H4,44,1,,,12168,0
2015,757,1,32,H4,44,1,,,459342,0
2015,757,1,36,H4,44,1,,,26527,0
2015,757,1,40,H4,44,1,,,327757911,0
2015,757,1,48,H4,44,1,,,1167,0
2015,757,1,50,H4,44,1,,,2733,0
2015,757,1,51,H4,44,1,,,329,0
2015,757,1,56,H4,44,1,,,20582113,0
2015,757,1,68,H4,44,1,,,90131,0
2015,757,1,70,H4,44,1,,,6235921,0
2015,757,1,72,H4,44,1,,,571,0
2015,757,1,76,H4,44,1,,,4853749,0
2015,757,1,90,H4,44,1,,,969,0
2015,757,1,100,H4,44,1,,,405769,0
2015,757,1,104,H4,44,1,,,116346,0
2015,757,1,112,H4,44,1,,,206639,0
2015,757,1,116,H4,44,1,,,18939,0
2015,757,1,120,H4,44,1,,,521405,0
2015,757,1,124,H4,44,1,,,2575256,0
2015,757,1,140,H4,44,1,,,73788,0
2015,757,1,144,H4,44,1,,,59909,0
2015,757,1,148,H4,44,1,,,104,0
2015,757,1,152,H4,44,1,,,46307,0
2015,757,1,156,H4,44,1,,,85896638,0
2015,757,1,170,H4,44,1,,,8053,0
2015,757,1,178,H4,44,1,,,1091427,0
2015,757,1,180,H4,44,1,,,760017,0
2015,757,1,188,H4,44,1,,,253249,0
2015,757,1,191,H4,44,1,,,16169541,0
2015,757,1,192,H4,44,1,,,91148,0
2015,757,1,196,H4,44,1,,,5550,0
2015,757,1,203,H4,44,1,,,38771906,0
2015,757,1,204,H4,44,1,,,61,0
2015,757,1,208,H4,44,1,,,41748704,0
2015,757,1,214,H4,44,1,,,3492,0
2015,757,1,218,H4,44,1,,,621063,0
2015,757,1,232,H4,44,1,,,46,0
2015,757,1,233,H4,44,1,,,5833354,0
2015,757,1,242,H4,44,1,,,7246,0
2015,757,1,246,H4,44,1,,,21992245,0
2015,757,1,251,H4,44,1,,,120298990,0
2015,757,1,266,H4,44,1,,,91432,0
2015,757,1,268,H4,44,1,,,30300,0
2015,757,1,275,H4,44,1,,,503,0
2015,757,1,276,H4,44,1,,,761824151,0
2015,757,1,288,H4,44,1,,,164534,0
2015,757,1,300,H4,44,1,,,39435,0
2015,757,1,320,H4,44,1,,,14384,0
2015,757,1,332,H4,44,1,,,3582,0
2015,757,1,340,H4,44,1,,,2155,0
2015,757,1,344,H4,44,1,,,810547,0
2015,757,1,348,H4,44,1,,,7793815,0
2015,757,1,352,H4,44,1,,,122,0
2015,757,1,360,H4,44,1,,,3348506,0
2015,757,1,364,H4,44,1,,,4957,0
2015,757,1,372,H4,44,1,,,888017,0
2015,757,1,376,H4,44,1,,,74198,0
2015,757,1,381,H4,44,1,,,148999079,0
2015,757,1,384,H4,44,1,,,151449,0
2015,757,1,388,H4,44,1,,,27,0
2015,757,1,392,H4,44,1,,,585805,0
2015,757,1,398,H4,44,1,,,21,0
2015,757,1,400,H4,44,1,,,263,0
2015,757,1,404,H4,44,1,,,22651,0
2015,757,1,410,H4,44,1,,,69546,0
2015,757,1,414,H4,44,1,,,11770,0
2015,757,1,418,H4,44,1,,,1959,0
2015,757,1,422,H4,44,1,,,26989,0
2015,757,1,428,H4,44,1,,,5141552,0
2015,757,1,430,H4,44,1,,,585,0
2015,757,1,440,H4,44,1,,,28343356,0
2015,757,1,442,H4,44,1,,,887760,0
2015,757,1,450,H4,44,1,,,1490,0
2015,757,1,458,H4,44,1,,,1971127,0
2015,757,1,462,H4,44,1,,,5866,0
2015,757,1,466,H4,44,1,,,1526,0
2015,757,1,470,H4,44,1,,,16574,0
2015,757,1,478,H4,44,1,,,134,0
2015,757,1,480,H4,44,1,,,444423,0
2015,757,1,484,H4,44,1,,,135805,0
2015,757,1,490,H4,44,1,,,304877,0
2015,757,1,498,H4,44,1,,,47665,0
2015,757,1,499,H4,44,1,,,34415,0
2015,757,1,504,H4,44,1,,,66397,0
2015,757,1,508,H4,44,1,,,9134,0
2015,757,1,512,H4,44,1,,,1858,0
2015,757,1,516,H4,44,1,,,8790,0
2015,757,1,524,H4,44,1,,,28808,0
2015,757,1,528,H4,44,1,,,15188655,0
2015,757,1,554,H4,44,1,,,268607,0
2015,757,1,558,H4,44,1,,,176,0
2015,757,1,562,H4,44,1,,,84,0
2015,757,1,579,H4,44,1,,,799023,0
2015,757,1,586,H4,44,1,,,1742,0
2015,757,1,591,H4,44,1,,,157,0
2015,757,1,598,H4,44,1,,,3571,0
2015,757,1,600,H4,44,1,,,29079,0
2015,757,1,604,H4,44,1,,,33428,0
2015,757,1,608,H4,44,1,,,568579,0
2015,757,1,616,H4,44,1,,,59389419,0
2015,757,1,620,H4,44,1,,,4274652,0
2015,757,1,634,H4,44,1,,,30511,0
2015,757,1,642,H4,44,1,,,10339451,0
2015,757,1,643,H4,44,1,,,5514853,0
2015,757,1,674,H4,44,1,,,5734,0
2015,757,1,682,H4,44,1,,,8076,0
2015,757,1,686,H4,44,1,,,2070,0
2015,757,1,688,H4,44,1,,,2910209,0
2015,757,1,699,H4,44,1,,,2280181,0
2015,757,1,702,H4,44,1,,,167555,0
2015,757,1,703,H4,44,1,,,14897958,0
2015,757,1,704,H4,44,1,,,3663231,0
2015,757,1,705,H4,44,1,,,12285636,0
2015,757,1,710,H4,44,1,,,679607,0
2015,757,1,724,H4,44,1,,,5543161,0
2015,757,1,728,H4,44,1,,,1789,0
2015,757,1,740,H4,44,1,,,114201,0
2015,757,1,752,H4,44,1,,,7785895,0
2015,757,1,762,H4,44,1,,,438,0
2015,757,1,764,H4,44,1,,,15838694,0
2015,757,1,768,H4,44,1,,,467,0
2015,757,1,784,H4,44,1,,,46237,0
2015,757,1,788,H4,44,1,,,175773,0
2015,757,1,792,H4,44,1,,,1117567,0
2015,757,1,800,H4,44,1,,,37,0
2015,757,1,804,H4,44,1,,,2225650,0
2015,757,1,807,H4,44,1,,,897282,0
2015,757,1,818,H4,44,1,,,12089,0
2015,757,1,826,H4,44,1,,,2046876,0
2015,757,1,834,H4,44,1,,,18133,0
2015,757,1,842,H4,44,1,,,4428254,0
2015,757,1,854,H4,44,1,,,58,0
2015,757,1,858,H4,44,1,,,33478,0
2015,757,1,862,H4,44,1,,,1536,0
2015,842,1,0,H4,44,1,,,17999579562,0
2015,842,1,4,H4,44,1,,,29171,0
2015,842,1,8,H4,44,1,,,312544,0
2015,842,1,24,H4,44,1,,,4447590,0
2015,842,1,28,H4,44,1,,,3054,0
2015,842,1,31,H4,44,1,,,33748,0
2015,842,1,32,H4,44,1,,,31985882,0
2015,842,1,36,H4,44,1,,,5905986,0
2015,842,1,40,H4,44,1,,,76537894,0
2015,842,1,50,H4,44,1,,,30477,0
2015,842,1,51,H4,44,1,,,56138,0
2015,842,1,52,H4,44,1,,,79043,0
2015,842,1,56,H4,44,1,,,28690552,0
2015,842,1,68,H4,44,1,,,18275549,0
2015,842,1,70,H4,44,1,,,555425,0
2015,842,1,76,H4,44,1,,,949557963,0
2015,842,1,84,H4,44,1,,,4464057,0
2015,842,1,90,H4,44,1,,,28818,0
2015,842,1,92,H4,44,1,,,29852,0
2015,842,1,100,H4,44,1,,,400647,0
2015,842,1,104,H4,44,1,,,4547064,0
2015,842,1,108,H4,44,1,,,7465,0
2015,842,1,112,H4,44,1,,,4400821,0
2015,842,1,116,H4,44,1,,,12637214,0
2015,842,1,120,H4,44,1,,,46182037,0
2015,842,1,124,H4,44,1,,,8606990578,0
2015,842,1,132,H4,44,1,,,2495,0
2015,842,1,140,H4,44,1,,,423144,0
2015,842,1,144,H4,44,1,,,3253984,0
2015,842,1,152,H4,44,1,,,869905581,0
2015,842,1,156,H4,44,1,,,4362167654,0
2015,842,1,162,H4,44,1,,,3947,0
2015,842,1,170,H4,44,1,,,7897221,0
2015,842,1,178,H4,44,1,,,23038004,0
2015,842,1,180,H4,44,1,,,3045686,0
2015,842,1,188,H4,44,1,,,1313234,0
2015,842,1,191,H4,44,1,,,1815416,0
2015,842,1,196,H4,44,1,,,176362,0
2015,842,1,203,H4,44,1,,,13419180,0
2015,842,1,204,H4,44,1,,,48668,0
2015,842,1,208,H4,44,1,,,10033775,0
2015,842,1,214,H4,44,1,,,1044739,0
2015,842,1,218,H4,44,1,,,78707609,0
2015,842,1,222,H4,44,1,,,1791451,0
2015,842,1,226,H4,44,1,,,105296,0
2015,842,1,231,H4,44,1,,,4710,0
2015,842,1,233,H4,44,1,,,22435592,0
2015,842,1,242,H4,44,1,,,11000281,0
2015,842,1,246,H4,44,1,,,21978819,0
2015,842,1,251,H4,44,1,,,229341405,0
2015,842,1,258,H4,44,1,,,16371,0
2015,842,1,262,H4,44,1,,,3575,0
2015,842,1,266,H4,44,1,,,4503558,0
2015,842,1,275,H4,44,1,,,18202,0
2015,842,1,276,H4,44,1,,,217362931,0
2015,842,1,288,H4,44,1,,,21146497,0
2015,842,1,300,H4,44,1,,,807483,0
2015,842,1,308,H4,44,1,,,2147,0
2015,842,1,320,H4,44,1,,,33898525,0
2015,842,1,324,H4,44,1,,,85431,0
2015,842,1,328,H4,44,1,,,7586099,0
2015,842,1,332,H4,44,1,,,89177,0
2015,842,1,340,H4,44,1,,,21043005,0
2015,842,1,344,H4,44,1,,,29256990,0
2015,842,1,348,H4,44,1,,,7790653,0
2015,842,1,360,H4,44,1,,,424932462,0
2015,842,1,372,H4,44,1,,,2958897,0
2015,842,1,376,H4,44,1,,,4541829,0
2015,842,1,381,H4,44,1,,,123520732,0
2015,842,1,384,H4,44,1,,,11628800,0
2015,842,1,388,H4,44,1,,,1407913,0
2015,842,1,392,H4,44,1,,,11729128,0
2015,842,1,400,H4,44,1,,,55822,0
2015,842,1,404,H4,44,1,,,515984,0
2015,842,1,410,H4,44,1,,,4848778,0
2015,842,1,418,H4,44,1,,,466744,0
2015,842,1,422,H4,44,1,,,187163,0
2015,842,1,428,H4,44,1,,,18739311,0
2015,842,1,430,H4,44,1,,,86193,0
2015,842,1,440,H4,44,1,,,10456479,0
2015,842,1,442,H4,44,1,,,14653,0
2015,842,1,446,H4,44,1,,,2447,0
2015,842,1,450,H4,44,1,,,5776,0
2015,842,1,458,H4,44,1,,,176626286,0
2015,842,1,466,H4,44,1,,,63719,0
2015,842,1,480,H4,44,1,,,269495,0
2015,842,1,484,H4,44,1,,,316562475,0
2015,842,1,490,H4,44,1,,,41859017,0
2015,842,1,498,H4,44,1,,,12215,0
2015,842,1,499,H4,44,1,,,2762,0
2015,842,1,504,H4,44,1,,,487822,0
2015,842,1,508,H4,44,1,,,24126,0
2015,842,1,516,H4,44,1,,,57760,0
2015,842,1,524,H4,44,1,,,120149,0
2015,842,1,528,H4,44,1,,,30280554,0
2015,842,1,554,H4,44,1,,,169732030,0
2015,842,1,558,H4,44,1,,,2194588,0
2015,842,1,566,H4,44,1,,,502072,0
2015,842,1,579,H4,44,1,,,1998200,0
2015,842,1,585,H4,44,1,,,243013,0
2015,842,1,586,H4,44,1,,,600567,0
2015,842,1,591,H4,44,1,,,1005132,0
2015,842,1,598,H4,44,1,,,23782,0
2015,842,1,600,H4,44,1,,,16506746,0
2015,842,1,604,H4,44,1,,,26136743,0
2015,842,1,608,H4,44,1,,,20003066,0
2015,842,1,616,H4,44,1,,,36001541,0
2015,842,1,620,H4,44,1,,,10000944,0
2015,842,1,642,H4,44,1,,,38268294,0
2015,842,1,643,H4,44,1,,,183665553,0
2015,842,1,662,H4,44,1,,,58220,0
2015,842,1,686,H4,44,1,,,13850,0
2015,842,1,688,H4,44,1,,,230070,0
2015,842,1,690,H4,44,1,,,40829,0
2015,842,1,694,H4,44,1,,,861809,0
2015,842,1,699,H4,44,1,,,77022096,0
2015,842,1,702,H4,44,1,,,1620818,0
2015,842,1,703,H4,44,1,,,1110593,0
2015,842,1,704,H4,44,1,,,103045390,0
2015,842,1,705,H4,44,1,,,4737707,0
2015,842,1,710,H4,44,1,,,5085120,0
2015,842,1,716,H4,44,1,,,72935,0
2015,842,1,724,H4,44,1,,,59684456,0
2015,842,1,740,H4,44,1,,,994525,0
2015,842,1,748,H4,44,1,,,2048,0
2015,842,1,752,H4,44,1,,,90104327,0
2015,842,1,757,H4,44,1,,,16738622,0
2015,842,1,760,H4,44,1,,,104540,0
2015,842,1,764,H4,44,1,,,81171661,0
2015,842,1,780,H4,44,1,,,165201,0
2015,842,1,784,H4,44,1,,,23263,0
2015,842,1,788,H4,44,1,,,1720169,0
2015,842,1,792,H4,44,1,,,3385241,0
2015,842,1,796,H4,44,1,,,236726,0
2015,842,1,800,H4,44,1,,,53901,0
2015,842,1,804,H4,44,1,,,7278513,0
2015,842,1,807,H4,44,1,,,5371,0
2015,842,1,818,H4,44,1,,,692827,0
2015,842,1,826,H4,44,1,,,11121773,0
2015,842,1,834,H4,44,1,,,299471,0
2015,842,1,854,H4,44,1,,,26869,0
2015,842,1,858,H4,44,1,,,39626106,0
2015,842,1,862,H4,44,1,,,119847,0
2015,842,1,894,H4,44,1,,,22440,0
2015,36,1,0,H4,45,1,,,20202891,0
2015,36,1,36,H4,45,1,,,751,0
2015,36,1,40,H4,45,1,,,1864,0
2015,36,1,76,H4,45,1,,,7071,0
2015,36,1,100,H4,45,1,,,756,0
2015,36,1,116,H4,45,1,,,1918,0
2015,36,1,124,H4,45,1,,,1845,0
2015,36,1,156,H4,45,1,,,1986550,0
2015,36,1,203,H4,45,1,,,11312,0
2015,36,1,208,H4,45,1,,,928,0
2015,36,1,251,H4,45,1,,,2164861,0
2015,36,1,276,H4,45,1,,,47135,0
2015,36,1,344,H4,45,1,,,39317,0
2015,36,1,348,H4,45,1,,,9975,0
2015,36,1,381,H4,45,1,,,796903,0
2015,36,1,392,H4,45,1,,,10313,0
2015,36,1,410,H4,45,1,,,12164,0
2015,36,1,458,H4,45,1,,,17251,0
2015,36,1,484,H4,45,1,,,6452,0
2015,36,1,490,H4,45,1,,,33382,0
2015,36,1,528,H4,45,1,,,127606,0
2015,36,1,554,H4,45,1,,,37014,0
2015,36,1,579,H4,45,1,,,1620,0
2015,36,1,608,H4,45,1,,,2684,0
2015,36,1,616,H4,45,1,,,26056,0
2015,36,1,620,H4,45,1,,,13018665,0
2015,36,1,699,H4,45,1,,,27665,0
2015,36,1,710,H4,45,1,,,793,0
2015,36,1,724,H4,45,1,,,1098128,0
2015,36,1,752,H4,45,1,,,81828,0
2015,36,1,792,H4,45,1,,,5475,0
2015,36,1,826,H4,45,1,,,370341,0
2015,36,1,842,H4,45,1,,,254266,0
2015,97,1,0,H4,45,1,,,70113905,0
2015,97,1,12,H4,45,1,,,2599675,0
2015,97,1,32,H4,45,1,,,4333,0
2015,97,1,36,H4,45,1,,,46347,0
2015,97,1,48,H4,45,1,,,3085,0
2015,97,1,51,H4,45,1,,,7,0
2015,97,1,70,H4,45,1,,,3042,0
2015,97,1,76,H4,45,1,,,145888,0
2015,97,1,112,H4,45,1,,,118,0
2015,97,1,124,H4,45,1,,,86869,0
2015,97,1,144,H4,45,1,,,23279,0
2015,97,1,152,H4,45,1,,,518171,0
2015,97,1,156,H4,45,1,,,13976299,0
2015,97,1,170,H4,45,1,,,8335,0
2015,97,1,214,H4,45,1,,,2761,0
2015,97,1,288,H4,45,1,,,1189,0
2015,97,1,344,H4,45,1,,,60020,0
2015,97,1,360,H4,45,1,,,109,0
2015,97,1,376,H4,45,1,,,278182,0
2015,97,1,392,H4,45,1,,,44944,0
2015,97,1,400,H4,45,1,,,328,0
2015,97,1,404,H4,45,1,,,958,0
2015,97,1,410,H4,45,1,,,37219,0
2015,97,1,414,H4,45,1,,,2986,0
2015,97,1,422,H4,45,1,,,1884,0
2015,97,1,458,H4,45,1,,,25366,0
2015,97,1,484,H4,45,1,,,517278,0
2015,97,1,490,H4,45,1,,,289469,0
2015,97,1,498,H4,45,1,,,19825,0
2015,97,1,504,H4,45,1,,,20051681,0
2015,97,1,540,H4,45,1,,,57,0
2015,97,1,554,H4,45,1,,,318615,0
2015,97,1,568,H4,45,1,,,14399,0
2015,97,1,579,H4,45,1,,,33400,0
2015,97,1,586,H4,45,1,,,31,0
2015,97,1,608,H4,45,1,,,2960,0
2015,97,1,643,H4,45,1,,,573611,0
2015,97,1,682,H4,45,1,,,1784,0
2015,97,1,686,H4,45,1,,,169,0
2015,97,1,688,H4,45,1,,,7782,0
2015,97,1,699,H4,45,1,,,272229,0
2015,97,1,702,H4,45,1,,,7529,0
2015,97,1,704,H4,45,1,,,30491,0
2015,97,1,710,H4,45,1,,,643329,0
2015,97,1,757,H4,45,1,,,13974557,0
2015,97,1,764,H4,45,1,,,99148,0
2015,97,1,784,H4,45,1,,,8274,0
2015,97,1,788,H4,45,1,,,5445437,0
2015,97,1,792,H4,45,1,,,214552,0
2015,97,1,804,H4,45,1,,,7139,0
2015,97,1,807,H4,45,1,,,3368,0
2015,97,1,818,H4,45,1,,,13959,0
2015,97,1,834,H4,45,1,,,26,0
2015,97,1,842,H4,45,1,,,9683672,0
2015,97,1,899,H4,45,1,,,7742,0
2015,124,1,0,H4,45,1,,,24952962,0
2015,124,1,36,H4,45,1,,,99,0
2015,124,1,40,H4,45,1,,,1824,0
2015,124,1,56,H4,45,1,,,22951,0
2015,124,1,76,H4,45,1,,,453,0
2015,124,1,112,H4,45,1,,,1364,0
2015,124,1,116,H4,45,1,,,235,0
2015,124,1,124,H4,45,1,,,164078,0
2015,124,1,156,H4,45,1,,,3685662,0
2015,124,1,170,H4,45,1,,,332,0
2015,124,1,203,H4,45,1,,,2624,0
2015,124,1,208,H4,45,1,,,496,0
2015,124,1,218,H4,45,1,,,4,0
2015,124,1,246,H4,45,1,,,221,0
2015,124,1,251,H4,45,1,,,94691,0
2015,124,1,276,H4,45,1,,,78757,0
2015,124,1,300,H4,45,1,,,398,0
2015,124,1,344,H4,45,1,,,10735,0
2015,124,1,360,H4,45,1,,,265,0
2015,124,1,372,H4,45,1,,,3605,0
2015,124,1,376,H4,45,1,,,122,0
2015,124,1,381,H4,45,1,,,318120,0
2015,124,1,392,H4,45,1,,,121648,0
2015,124,1,404,H4,45,1,,,2696,0
2015,124,1,410,H4,45,1,,,15297,0
2015,124,1,484,H4,45,1,,,74871,0
2015,124,1,490,H4,45,1,,,138672,0
2015,124,1,498,H4,45,1,,,431,0
2015,124,1,504,H4,45,1,,,19,0
2015,124,1,528,H4,45,1,,,8054,0
2015,124,1,554,H4,45,1,,,730,0
2015,124,1,579,H4,45,1,,,1976,0
2015,124,1,604,H4,45,1,,,174,0
2015,124,1,616,H4,45,1,,,7200,0
2015,124,1,620,H4,45,1,,,15155023,0
2015,124,1,699,H4,45,1,,,11631,0
2015,124,1,704,H4,45,1,,,39773,0
2015,124,1,705,H4,45,1,,,7,0
2015,124,1,710,H4,45,1,,,45,0
2015,124,1,724,H4,45,1,,,348941,0
2015,124,1,729,H4,45,1,,,2,0
2015,124,1,752,H4,45,1,,,1994,0
2015,124,1,757,H4,45,1,,,94117,0
2015,124,1,764,H4,45,1,,,4150,0
2015,124,1,792,H4,45,1,,,502,0
2015,124,1,826,H4,45,1,,,112364,0
2015,124,1,842,H4,45,1,,,4425609,0
2015,392,1,0,H4,45,1,,,22503475,0
2015,392,1,116,H4,45,1,,,49229,0
2015,392,1,156,H4,45,1,,,12021095,0
2015,392,1,251,H4,45,1,,,645030,0
2015,392,1,276,H4,45,1,,,144223,0
2015,392,1,381,H4,45,1,,,68029,0
2015,392,1,410,H4,45,1,,,85656,0
2015,392,1,490,H4,45,1,,,1079328,0
2015,392,1,528,H4,45,1,,,4917,0
2015,392,1,608,H4,45,1,,,3587,0
2015,392,1,620,H4,45,1,,,8237208,0
2015,392,1,724,H4,45,1,,,43328,0
2015,392,1,752,H4,45,1,,,2256,0
2015,392,1,757,H4,45,1,,,2678,0
2015,392,1,764,H4,45,1,,,5496,0
2015,392,1,826,H4,45,1,,,2132,0
2015,392,1,842,H4,45,1,,,109283,0
2015,410,1,0,H4,45,1,,,4274535,0
2015,410,1,124,H4,45,1,,,1282,0
2015,410,1,156,H4,45,1,,,1360492,0
2015,410,1,208,H4,45,1,,,136,0
2015,410,1,251,H4,45,1,,,2145,0
2015,410,1,276,H4,45,1,,,17920,0
2015,410,1,360,H4,45,1,,,1880,0
2015,410,1,381,H4,45,1,,,31402,0
2015,410,1,392,H4,45,1,,,141253,0
2015,410,1,458,H4,45,1,,,48,0
2015,410,1,484,H4,45,1,,,83,0
2015,410,1,490,H4,45,1,,,1146,0
2015,410,1,620,H4,45,1,,,2477288,0
2015,410,1,699,H4,45,1,,,5505,0
2015,410,1,724,H4,45,1,,,19130,0
2015,410,1,752,H4,45,1,,,794,0
2015,410,1,784,H4,45,1,,,11829,0
2015,410,1,792,H4,45,1,,,169,0
2015,410,1,826,H4,45,1,,,17346,0
2015,410,1,842,H4,45,1,,,184687,0
2015,554,1,0,H4,45,1,,,3137414,0
2015,554,1,36,H4,45,1,,,457792,0
2015,554,1,40,H4,45,1,,,385,0
2015,554,1,124,H4,45,1,,,12,0
2015,554,1,156,H4,45,1,,,559908,0
2015,554,1,203,H4,45,1,,,113,0
2015,554,1,208,H4,45,1,,,486,0
2015,554,1,251,H4,45,1,,,211148,0
2015,554,1,276,H4,45,1,,,39534,0
2015,554,1,344,H4,45,1,,,19,0
2015,554,1,348,H4,45,1,,,5036,0
2015,554,1,360,H4,45,1,,,407,0
2015,554,1,381,H4,45,1,,,32388,0
2015,554,1,392,H4,45,1,,,4457,0
2015,554,1,410,H4,45,1,,,544,0
2015,554,1,458,H4,45,1,,,852,0
2015,554,1,484,H4,45,1,,,507,0
2015,554,1,490,H4,45,1,,,3339,0
2015,554,1,528,H4,45,1,,,35583,0
2015,554,1,554,H4,45,1,,,3,0
2015,554,1,579,H4,45,1,,,68,0
2015,554,1,620,H4,45,1,,,1185131,0
2015,554,1,699,H4,45,1,,,1090,0
2015,554,1,710,H4,45,1,,,385,0
2015,554,1,724,H4,45,1,,,448989,0
2015,554,1,752,H4,45,1,,,1930,0
2015,554,1,757,H4,45,1,,,835,0
2015,554,1,764,H4,45,1,,,2366,0
2015,554,1,784,H4,45,1,,,47,0
2015,554,1,826,H4,45,1,,,56290,0
2015,554,1,842,H4,45,1,,,87770,0
2015,579,1,0,H4,45,1,,,4336984,0
2015,579,1,40,H4,45,1,,,963,0
2015,579,1,56,H4,45,1,,,22675,0
2015,579,1,124,H4,45,1,,,339,0
2015,579,1,156,H4,45,1,,,287746,0
2015,579,1,203,H4,45,1,,,6826,0
2015,579,1,208,H4,45,1,,,498805,0
2015,579,1,246,H4,45,1,,,8372,0
2015,579,1,251,H4,45,1,,,11812,0
2015,579,1,276,H4,45,1,,,154146,0
2015,579,1,352,H4,45,1,,,360,0
2015,579,1,381,H4,45,1,,,22627,0
2015,579,1,392,H4,45,1,,,1069,0
2015,579,1,410,H4,45,1,,,537,0
2015,579,1,440,H4,45,1,,,334,0
2015,579,1,490,H4,45,1,,,32079,0
2015,579,1,528,H4,45,1,,,27160,0
2015,579,1,591,H4,45,1,,,2337,0
2015,579,1,608,H4,45,1,,,875,0
2015,579,1,616,H4,45,1,,,10755,0
2015,579,1,620,H4,45,1,,,2438278,0
2015,579,1,699,H4,45,1,,,248,0
2015,579,1,705,H4,45,1,,,75424,0
2015,579,1,710,H4,45,1,,,1256,0
2015,579,1,724,H4,45,1,,,34050,0
2015,579,1,729,H4,45,1,,,216,0
2015,579,1,752,H4,45,1,,,285997,0
2015,579,1,757,H4,45,1,,,3443,0
2015,579,1,784,H4,45,1,,,146,0
2015,579,1,792,H4,45,1,,,1833,0
2015,579,1,826,H4,45,1,,,69297,0
2015,579,1,842,H4,45,1,,,336979,0
2015,757,1,0,H4,45,1,,,27166373,0
2015,757,1,36,H4,45,1,,,39,0
2015,757,1,40,H4,45,1,,,129213,0
2015,757,1,48,H4,45,1,,,1252,0
2015,757,1,56,H4,45,1,,,14920,0
2015,757,1,124,H4,45,1,,,898,0
2015,757,1,156,H4,45,1,,,397018,0
2015,757,1,203,H4,45,1,,,557,0
2015,757,1,208,H4,45,1,,,1866,0
2015,757,1,251,H4,45,1,,,3799683,0
2015,757,1,276,H4,45,1,,,3411055,0
2015,757,1,344,H4,45,1,,,7851,0
2015,757,1,348,H4,45,1,,,1733,0
2015,757,1,360,H4,45,1,,,151,0
2015,757,1,381,H4,45,1,,,1300640,0
2015,757,1,392,H4,45,1,,,567,0
2015,757,1,490,H4,45,1,,,117,0
2015,757,1,516,H4,45,1,,,46,0
2015,757,1,528,H4,45,1,,,37894,0
2015,757,1,616,H4,45,1,,,53736,0
2015,757,1,620,H4,45,1,,,15168610,0
2015,757,1,642,H4,45,1,,,134,0
2015,757,1,643,H4,45,1,,,66,0
2015,757,1,682,H4,45,1,,,61,0
2015,757,1,688,H4,45,1,,,2066,0
2015,757,1,699,H4,45,1,,,275,0
2015,757,1,704,H4,45,1,,,163,0
2015,757,1,705,H4,45,1,,,651,0
2015,757,1,710,H4,45,1,,,121,0
2015,757,1,724,H4,45,1,,,2270014,0
2015,757,1,752,H4,45,1,,,35,0
2015,757,1,764,H4,45,1,,,88,0
2015,757,1,788,H4,45,1,,,40017,0
2015,757,1,792,H4,45,1,,,256,0
2015,757,1,826,H4,45,1,,,223829,0
2015,757,1,842,H4,45,1,,,300753,0
2015,842,1,0,H4,45,1,,,293201652,0
2015,842,1,76,H4,45,1,,,9043,0
2015,842,1,116,H4,45,1,,,4394,0
2015,842,1,124,H4,45,1,,,1436332,0
2015,842,1,156,H4,45,1,,,29496403,0
2015,842,1,170,H4,45,1,,,31362,0
2015,842,1,203,H4,45,1,,,3314,0
2015,842,1,208,H4,45,1,,,25490,0
2015,842,1,246,H4,45,1,,,10075,0
2015,842,1,251,H4,45,1,,,4022928,0
2015,842,1,276,H4,45,1,,,324741,0
2015,842,1,344,H4,45,1,,,126305,0
2015,842,1,348,H4,45,1,,,2394,0
2015,842,1,360,H4,45,1,,,16042,0
2015,842,1,381,H4,45,1,,,12023813,0
2015,842,1,392,H4,45,1,,,61986,0
2015,842,1,404,H4,45,1,,,14275,0
2015,842,1,410,H4,45,1,,,37019,0
2015,842,1,458,H4,45,1,,,41450,0
2015,842,1,484,H4,45,1,,,1634451,0
2015,842,1,490,H4,45,1,,,1384088,0
2015,842,1,528,H4,45,1,,,270123,0
2015,842,1,586,H4,45,1,,,2578,0
2015,842,1,591,H4,45,1,,,3776,0
2015,842,1,598,H4,45,1,,,13838,0
2015,842,1,600,H4,45,1,,,56663,0
2015,842,1,616,H4,45,1,,,70576,0
2015,842,1,620,H4,45,1,,,220667936,0
2015,842,1,699,H4,45,1,,,678493,0
2015,842,1,704,H4,45,1,,,369834,0
2015,842,1,724,H4,45,1,,,19665736,0
2015,842,1,752,H4,45,1,,,16868,0
2015,842,1,757,H4,45,1,,,401133,0
2015,842,1,764,H4,45,1,,,107149,0
2015,842,1,792,H4,45,1,,,3884,0
2015,842,1,826,H4,45,1,,,167160,0
